price,date
232.59576871683151,2018-09-06 00:00:00
229.37495804862965,2018-09-07 00:00:00
215.43223745188737,2018-09-08 00:00:00
196.8653868522827,2018-09-09 00:00:00
195.87733831990175,2018-09-10 00:00:00
196.3615326706261,2018-09-11 00:00:00
184.08223182704117,2018-09-12 00:00:00
182.94557625329006,2018-09-13 00:00:00
211.82672748652598,2018-09-14 00:00:00
211.3835617204549,2018-09-15 00:00:00
223.05308230390335,2018-09-16 00:00:00
220.1415794346937,2018-09-17 00:00:00
196.5766097002653,2018-09-18 00:00:00
210.15069647518163,2018-09-19 00:00:00
209.1425267776257,2018-09-20 00:00:00
224.38097767293752,2018-09-21 00:00:00
247.41001789452824,2018-09-22 00:00:00
241.8437317592413,2018-09-23 00:00:00
244.7847954629194,2018-09-24 00:00:00
228.34091150907454,2018-09-25 00:00:00
219.50434375691938,2018-09-26 00:00:00
214.9793802543281,2018-09-27 00:00:00
229.22195926025518,2018-09-28 00:00:00
222.229239761749,2018-09-29 00:00:00
231.73587329828854,2018-09-30 00:00:00
232.78138524562493,2018-10-01 00:00:00
231.1436846227436,2018-10-02 00:00:00
225.79485382934473,2018-10-03 00:00:00
220.47446029228064,2018-10-04 00:00:00
222.19584779064576,2018-10-05 00:00:00
228.03607024893918,2018-10-06 00:00:00
225.06880731767052,2018-10-07 00:00:00
225.65834864130284,2018-10-08 00:00:00
229.52461502629828,2018-10-09 00:00:00
227.9689077917784,2018-10-10 00:00:00
225.66201617746165,2018-10-11 00:00:00
192.0010841477226,2018-10-12 00:00:00
197.06801594741614,2018-10-13 00:00:00
201.05349968429928,2018-10-14 00:00:00
196.3186984116144,2018-10-15 00:00:00
212.2030694387269,2018-10-16 00:00:00
212.4442865474299,2018-10-17 00:00:00
211.08269302502703,2018-10-18 00:00:00
204.31304892929978,2018-10-19 00:00:00
203.97626253061992,2018-10-20 00:00:00
206.88209866230514,2018-10-21 00:00:00
206.30982679591034,2018-10-22 00:00:00
205.03775490876436,2018-10-23 00:00:00
204.08394558056767,2018-10-24 00:00:00
203.52219877380867,2018-10-25 00:00:00
202.35302275695466,2018-10-26 00:00:00
203.38496856526396,2018-10-27 00:00:00
203.18739632422128,2018-10-28 00:00:00
204.7223407022085,2018-10-29 00:00:00
195.7514045211852,2018-10-30 00:00:00
197.44844958499,2018-10-31 00:00:00
198.6390488336609,2018-11-01 00:00:00
199.1226070207313,2018-11-02 00:00:00
202.28275716666218,2018-11-03 00:00:00
200.13622776255878,2018-11-04 00:00:00
206.8144295995958,2018-11-05 00:00:00
209.10887661978714,2018-11-06 00:00:00
219.16088708430863,2018-11-07 00:00:00
219.0157747507676,2018-11-08 00:00:00
213.40763439234544,2018-11-09 00:00:00
210.79061959752252,2018-11-10 00:00:00
212.9658278769949,2018-11-11 00:00:00
212.4733247441558,2018-11-12 00:00:00
211.65690924875202,2018-11-13 00:00:00
208.58229647385883,2018-11-14 00:00:00
184.02255937246562,2018-11-15 00:00:00
182.448242594831,2018-11-16 00:00:00
176.02240566453227,2018-11-17 00:00:00
175.6674163561008,2018-11-18 00:00:00
177.72868960741215,2018-11-19 00:00:00
150.39116276572497,2018-11-20 00:00:00
131.476679735108,2018-11-21 00:00:00
137.1730431934016,2018-11-22 00:00:00
126.06638760845392,2018-11-23 00:00:00
124.15029635415753,2018-11-24 00:00:00
114.28793125942474,2018-11-25 00:00:00
117.52527750634898,2018-11-26 00:00:00
109.43098854688948,2018-11-27 00:00:00
110.43494358866081,2018-11-28 00:00:00
122.44642499081692,2018-11-29 00:00:00
117.70538590366436,2018-11-30 00:00:00
113.4028831522645,2018-12-01 00:00:00
118.10075903673732,2018-12-02 00:00:00
115.94428273243844,2018-12-03 00:00:00
108.67684762425776,2018-12-04 00:00:00
109.85191500097886,2018-12-05 00:00:00
102.51104175852288,2018-12-06 00:00:00
91.10115845588969,2018-12-07 00:00:00
92.96795017189604,2018-12-08 00:00:00
90.67825609691094,2018-12-09 00:00:00
93.53012682199429,2018-12-10 00:00:00
89.85371730794834,2018-12-11 00:00:00
87.85041070425926,2018-12-12 00:00:00
89.37790161622951,2018-12-13 00:00:00
85.95872706359158,2018-12-14 00:00:00
83.78596235654511,2018-12-15 00:00:00
83.8335821320138,2018-12-16 00:00:00
84.46584639727314,2018-12-17 00:00:00
94.07306838255042,2018-12-18 00:00:00
100.05002539321067,2018-12-19 00:00:00
99.49155365807758,2018-12-20 00:00:00
114.42918370038834,2018-12-21 00:00:00
107.85318110517642,2018-12-22 00:00:00
115.04582181530175,2018-12-23 00:00:00
129.20650341412852,2018-12-24 00:00:00
138.95781833191495,2018-12-25 00:00:00
127.63707252348217,2018-12-26 00:00:00
129.51137399263007,2018-12-27 00:00:00
114.1013635506553,2018-12-28 00:00:00
134.01993952035144,2018-12-29 00:00:00
138.75426661197633,2018-12-30 00:00:00
137.6316929791457,2018-12-31 00:00:00
131.45872465603802,2019-01-01 00:00:00
138.14480220535194,2019-01-02 00:00:00
152.86045271321305,2019-01-03 00:00:00
146.7305994341217,2019-01-04 00:00:00
153.0565669307744,2019-01-05 00:00:00
153.65187149457,2019-01-06 00:00:00
154.69930839905126,2019-01-07 00:00:00
149.89869762072908,2019-01-08 00:00:00
148.14786553107623,2019-01-09 00:00:00
148.7388798515161,2019-01-10 00:00:00
126.62475249770274,2019-01-11 00:00:00
124.6267970725248,2019-01-12 00:00:00
123.75936261029351,2019-01-13 00:00:00
114.76604584662175,2019-01-14 00:00:00
127.40527329081972,2019-01-15 00:00:00
119.81437324652917,2019-01-16 00:00:00
122.24553850486993,2019-01-17 00:00:00
121.92726666997898,2019-01-18 00:00:00
119.1707391686563,2019-01-19 00:00:00
122.92817578942176,2019-01-20 00:00:00
117.6078729013454,2019-01-21 00:00:00
115.82686433322588,2019-01-22 00:00:00
117.81718880676009,2019-01-23 00:00:00
116.41601969858114,2019-01-24 00:00:00
116.24543567436463,2019-01-25 00:00:00
115.14990605895021,2019-01-26 00:00:00
115.33716687142687,2019-01-27 00:00:00
112.51348924314217,2019-01-28 00:00:00
105.35239189764611,2019-01-29 00:00:00
104.59784628074063,2019-01-30 00:00:00
108.27309466982854,2019-01-31 00:00:00
106.33599581366398,2019-02-01 00:00:00
107.00955827242754,2019-02-02 00:00:00
108.77817692653159,2019-02-03 00:00:00
107.19999697185268,2019-02-04 00:00:00
107.61824539435413,2019-02-05 00:00:00
107.31703853339418,2019-02-06 00:00:00
104.62362623241391,2019-02-07 00:00:00
104.26536439234141,2019-02-08 00:00:00
119.33360463375858,2019-02-09 00:00:00
119.48955517293045,2019-02-10 00:00:00
124.88963479029995,2019-02-11 00:00:00
120.97026174727318,2019-02-12 00:00:00
122.54208894762355,2019-02-13 00:00:00
122.09412965721424,2019-02-14 00:00:00
120.59217399552682,2019-02-15 00:00:00
121.57227847601175,2019-02-16 00:00:00
122.93860835926709,2019-02-17 00:00:00
133.88146961685993,2019-02-18 00:00:00
145.32602670603126,2019-02-19 00:00:00
143.65523417640586,2019-02-20 00:00:00
148.8684346762975,2019-02-21 00:00:00
145.2958232437471,2019-02-22 00:00:00
148.04165031619752,2019-02-23 00:00:00
157.67559560191677,2019-02-24 00:00:00
134.31602869596247,2019-02-25 00:00:00
137.8218665264574,2019-02-26 00:00:00
135.99783785109707,2019-02-27 00:00:00
134.84981713392082,2019-02-28 00:00:00
135.4906837644075,2019-03-01 00:00:00
134.95470877409352,2019-03-02 00:00:00
132.40742658761687,2019-03-03 00:00:00
130.5403477406027,2019-03-04 00:00:00
125.6240824924571,2019-03-05 00:00:00
136.5502476885833,2019-03-06 00:00:00
137.32665152792868,2019-03-07 00:00:00
136.78614228385894,2019-03-08 00:00:00
133.5416931933968,2019-03-09 00:00:00
137.1960003042231,2019-03-10 00:00:00
135.62080210154824,2019-03-11 00:00:00
132.38753404384025,2019-03-12 00:00:00
133.28742563523164,2019-03-13 00:00:00
131.6683444532404,2019-03-14 00:00:00
132.14623792639355,2019-03-15 00:00:00
136.4478648131974,2019-03-16 00:00:00
141.08804416286097,2019-03-17 00:00:00
138.55063028189403,2019-03-18 00:00:00
137.65794893090973,2019-03-19 00:00:00
138.5225166550466,2019-03-20 00:00:00
139.0759731796369,2019-03-21 00:00:00
135.05601072736965,2019-03-22 00:00:00
136.0995360201361,2019-03-23 00:00:00
137.19806866408575,2019-03-24 00:00:00
136.05748300079634,2019-03-25 00:00:00
133.8175199792062,2019-03-26 00:00:00
134.02990438257248,2019-03-27 00:00:00
139.63660664431762,2019-03-28 00:00:00
137.81198852309657,2019-03-29 00:00:00
143.14644309796884,2019-03-30 00:00:00
142.28965262894044,2019-03-31 00:00:00
141.586389044902,2019-04-01 00:00:00
141.51455520152766,2019-04-02 00:00:00
164.05054289558294,2019-04-03 00:00:00
160.43283831978377,2019-04-04 00:00:00
157.41222580794496,2019-04-05 00:00:00
165.1385234713877,2019-04-06 00:00:00
165.32515186458005,2019-04-07 00:00:00
174.09052297795662,2019-04-08 00:00:00
180.01192355336678,2019-04-09 00:00:00
175.2941224274854,2019-04-10 00:00:00
177.3253178087243,2019-04-11 00:00:00
165.03710682659573,2019-04-12 00:00:00
164.57194837218958,2019-04-13 00:00:00
163.97160033492332,2019-04-14 00:00:00
167.61800117879454,2019-04-15 00:00:00
160.53249078494966,2019-04-16 00:00:00
166.4845378681717,2019-04-17 00:00:00
166.3272646030099,2019-04-18 00:00:00
173.41362781077277,2019-04-19 00:00:00
173.2282621688014,2019-04-20 00:00:00
173.16628767058037,2019-04-21 00:00:00
169.98788930945395,2019-04-22 00:00:00
171.0434707895899,2019-04-23 00:00:00
170.91296418483168,2019-04-24 00:00:00
165.66966005027155,2019-04-25 00:00:00
153.9304406219976,2019-04-26 00:00:00
157.3757012457437,2019-04-27 00:00:00
158.28919434200932,2019-04-28 00:00:00
156.5951891487867,2019-04-29 00:00:00
154.08028243009934,2019-04-30 00:00:00
160.74469184721738,2019-05-01 00:00:00
159.48931440238658,2019-05-02 00:00:00
160.95718796104512,2019-05-03 00:00:00
166.63211526803485,2019-05-04 00:00:00
162.83631690744346,2019-05-05 00:00:00
162.37013497277283,2019-05-06 00:00:00
172.8283284518378,2019-05-07 00:00:00
170.09589748059332,2019-05-08 00:00:00
170.11063311538186,2019-05-09 00:00:00
170.57549417946805,2019-05-10 00:00:00
172.68209089135948,2019-05-11 00:00:00
196.6901677286205,2019-05-12 00:00:00
187.2720183708742,2019-05-13 00:00:00
196.0761130134244,2019-05-14 00:00:00
218.28460968764938,2019-05-15 00:00:00
248.74500426984366,2019-05-16 00:00:00
264.90012138907406,2019-05-17 00:00:00
243.57049917993308,2019-05-18 00:00:00
235.32720134101993,2019-05-19 00:00:00
260.59698403060327,2019-05-20 00:00:00
251.9614994995826,2019-05-21 00:00:00
256.0830401834705,2019-05-22 00:00:00
244.54946301361036,2019-05-23 00:00:00
244.6460957973966,2019-05-24 00:00:00
248.54526290535333,2019-05-25 00:00:00
250.82036469745617,2019-05-26 00:00:00
266.12218207843597,2019-05-27 00:00:00
273.40508817754096,2019-05-28 00:00:00
271.227867157993,2019-05-29 00:00:00
268.7857564563058,2019-05-30 00:00:00
255.37736314606394,2019-05-31 00:00:00
268.12603920482644,2019-06-01 00:00:00
264.72732428744166,2019-06-02 00:00:00
269.9388294795906,2019-06-03 00:00:00
251.75257532903564,2019-06-04 00:00:00
240.23943365820054,2019-06-05 00:00:00
246.82656909017393,2019-06-06 00:00:00
249.9679117723965,2019-06-07 00:00:00
250.63689323005363,2019-06-08 00:00:00
244.62980571926562,2019-06-09 00:00:00
232.04158416760484,2019-06-10 00:00:00
247.25227622797598,2019-06-11 00:00:00
245.08937853941526,2019-06-12 00:00:00
260.5666340627198,2019-06-13 00:00:00
255.1204266417473,2019-06-14 00:00:00
263.92853843827874,2019-06-15 00:00:00
268.1121928964469,2019-06-16 00:00:00
269.0716935274996,2019-06-17 00:00:00
273.12368845247914,2019-06-18 00:00:00
264.78793107969506,2019-06-19 00:00:00
269.1527997781388,2019-06-20 00:00:00
272.334690986303,2019-06-21 00:00:00
294.47562296593696,2019-06-22 00:00:00
310.65499867231955,2019-06-23 00:00:00
307.9472102635873,2019-06-24 00:00:00
311.06822902414945,2019-06-25 00:00:00
318.635944657736,2019-06-26 00:00:00
337.3409578098138,2019-06-27 00:00:00
295.8416528876357,2019-06-28 00:00:00
309.949031472406,2019-06-29 00:00:00
321.43279903776084,2019-06-30 00:00:00
292.83887601724456,2019-07-01 00:00:00
295.2558980709613,2019-07-02 00:00:00
290.9596721071729,2019-07-03 00:00:00
304.1705424011823,2019-07-04 00:00:00
285.2194708797813,2019-07-05 00:00:00
287.98591058443674,2019-07-06 00:00:00
289.57713834106636,2019-07-07 00:00:00
305.33625290070216,2019-07-08 00:00:00
312.4663688290414,2019-07-09 00:00:00
307.7796837520068,2019-07-10 00:00:00
290.009967157574,2019-07-11 00:00:00
268.6352130477999,2019-07-12 00:00:00
275.80920843487644,2019-07-13 00:00:00
270.314761247692,2019-07-14 00:00:00
227.12207268042678,2019-07-15 00:00:00
230.18019411198864,2019-07-16 00:00:00
199.94052185387875,2019-07-17 00:00:00
210.83853712737297,2019-07-18 00:00:00
226.3035342868679,2019-07-19 00:00:00
221.11374095039795,2019-07-20 00:00:00
228.96480408491627,2019-07-21 00:00:00
226.15340772656594,2019-07-22 00:00:00
217.65256165832335,2019-07-23 00:00:00
213.5021516080946,2019-07-24 00:00:00
217.19777774847861,2019-07-25 00:00:00
219.48779097276912,2019-07-26 00:00:00
219.58243262777626,2019-07-27 00:00:00
206.531772895918,2019-07-28 00:00:00
211.229753661743,2019-07-29 00:00:00
210.82351650905207,2019-07-30 00:00:00
209.64626074112806,2019-07-31 00:00:00
218.61308553620958,2019-08-01 00:00:00
216.630420657716,2019-08-02 00:00:00
217.79546207706508,2019-08-03 00:00:00
221.41611875255478,2019-08-04 00:00:00
221.98815294300547,2019-08-05 00:00:00
232.82368350463972,2019-08-06 00:00:00
227.02071107575,2019-08-07 00:00:00
226.4011931773696,2019-08-08 00:00:00
221.99588620712112,2019-08-09 00:00:00
210.15361895773407,2019-08-10 00:00:00
206.50462546838185,2019-08-11 00:00:00
216.4855805517722,2019-08-12 00:00:00
211.11314126304725,2019-08-13 00:00:00
209.26573714761406,2019-08-14 00:00:00
185.65530058955875,2019-08-15 00:00:00
188.15278116773473,2019-08-16 00:00:00
185.15324355177958,2019-08-17 00:00:00
185.76004109383433,2019-08-18 00:00:00
194.35736761658467,2019-08-19 00:00:00
202.95975075968417,2019-08-20 00:00:00
196.27274728566928,2019-08-21 00:00:00
187.01618910896025,2019-08-22 00:00:00
191.52119596772542,2019-08-23 00:00:00
194.2093873568753,2019-08-24 00:00:00
190.55575089343063,2019-08-25 00:00:00
186.32236897942659,2019-08-26 00:00:00
188.37725745413954,2019-08-27 00:00:00
186.97068487781738,2019-08-28 00:00:00
173.02703573027782,2019-08-29 00:00:00
168.79916502828434,2019-08-30 00:00:00
168.6708883739598,2019-08-31 00:00:00
172.07296929356409,2019-09-01 00:00:00
170.72754514461607,2019-09-02 00:00:00
177.71647895327314,2019-09-03 00:00:00
178.82647784328285,2019-09-04 00:00:00
174.77627554812665,2019-09-05 00:00:00
174.1938100520476,2019-09-06 00:00:00
169.42286694793444,2019-09-07 00:00:00
177.85258889110943,2019-09-08 00:00:00
181.4839320522675,2019-09-09 00:00:00
181.01465623196765,2019-09-10 00:00:00
180.1493915298145,2019-09-11 00:00:00
178.08294980618456,2019-09-12 00:00:00
181.010836085851,2019-09-13 00:00:00
181.2119450035023,2019-09-14 00:00:00
188.30568158376607,2019-09-15 00:00:00
189.25504633546134,2019-09-16 00:00:00
197.60691638393752,2019-09-17 00:00:00
209.21116304181604,2019-09-18 00:00:00
210.24907372866744,2019-09-19 00:00:00
221.74292599489385,2019-09-20 00:00:00
217.95344382394939,2019-09-21 00:00:00
215.34523960456264,2019-09-22 00:00:00
211.61753840452246,2019-09-23 00:00:00
201.00337752581868,2019-09-24 00:00:00
168.67357964603033,2019-09-25 00:00:00
170.28886769224317,2019-09-26 00:00:00
166.21680322909975,2019-09-27 00:00:00
173.90494900595044,2019-09-28 00:00:00
174.07970541243265,2019-09-29 00:00:00
169.6894747522977,2019-09-30 00:00:00
179.75716197925505,2019-10-01 00:00:00
180.63244082835516,2019-10-02 00:00:00
180.57893058773016,2019-10-03 00:00:00
176.85852555342686,2019-10-04 00:00:00
175.86315365350248,2019-10-05 00:00:00
176.2772565733896,2019-10-06 00:00:00
170.44710628243018,2019-10-07 00:00:00
180.14424760253544,2019-10-08 00:00:00
180.78979326727546,2019-10-09 00:00:00
193.33993781390976,2019-10-10 00:00:00
191.04108656991255,2019-10-11 00:00:00
180.55244905183102,2019-10-12 00:00:00
179.94653567610214,2019-10-13 00:00:00
181.2872472944888,2019-10-14 00:00:00
186.61606753146776,2019-10-15 00:00:00
180.74563079187547,2019-10-16 00:00:00
175.05406935469742,2019-10-17 00:00:00
177.4769186344818,2019-10-18 00:00:00
172.88626058117322,2019-10-19 00:00:00
171.85241043187662,2019-10-20 00:00:00
175.21210857661558,2019-10-21 00:00:00
174.35449608806442,2019-10-22 00:00:00
171.4265472158501,2019-10-23 00:00:00
161.5840435929357,2019-10-24 00:00:00
160.67839136074096,2019-10-25 00:00:00
181.45319156222183,2019-10-26 00:00:00
179.53527008259897,2019-10-27 00:00:00
183.58089983827585,2019-10-28 00:00:00
181.86179987269554,2019-10-29 00:00:00
190.50596091786502,2019-10-30 00:00:00
183.13375148673262,2019-10-31 00:00:00
182.75570124695298,2019-11-01 00:00:00
183.064191451962,2019-11-02 00:00:00
183.21568174708486,2019-11-03 00:00:00
181.8244399622803,2019-11-04 00:00:00
185.76433086001398,2019-11-05 00:00:00
189.16575518025138,2019-11-06 00:00:00
191.3004004540056,2019-11-07 00:00:00
186.81653195658674,2019-11-08 00:00:00
183.6736227613274,2019-11-09 00:00:00
184.95814543107952,2019-11-10 00:00:00
189.04498222352015,2019-11-11 00:00:00
184.839873654298,2019-11-12 00:00:00
186.8659398462863,2019-11-13 00:00:00
187.84288849379362,2019-11-14 00:00:00
184.78830689468228,2019-11-15 00:00:00
180.16871140792335,2019-11-16 00:00:00
182.63065416042576,2019-11-17 00:00:00
183.9879638750186,2019-11-18 00:00:00
178.3855993731378,2019-11-19 00:00:00
175.8204845763924,2019-11-20 00:00:00
174.80445727797053,2019-11-21 00:00:00
161.15147727923085,2019-11-22 00:00:00
149.92569206419535,2019-11-23 00:00:00
151.96608493452732,2019-11-24 00:00:00
140.24681084120735,2019-11-25 00:00:00
146.34618694453036,2019-11-26 00:00:00
147.57506848968612,2019-11-27 00:00:00
152.615068348219,2019-11-28 00:00:00
150.91034572010813,2019-11-29 00:00:00
154.25530586508248,2019-11-30 00:00:00
151.73585404476006,2019-12-01 00:00:00
151.02315688624967,2019-12-02 00:00:00
148.86726798663648,2019-12-03 00:00:00
147.12795176955626,2019-12-04 00:00:00
145.40170953026762,2019-12-05 00:00:00
147.79749210977155,2019-12-06 00:00:00
148.60569815279229,2019-12-07 00:00:00
147.1457864691915,2019-12-08 00:00:00
150.2924488050236,2019-12-09 00:00:00
147.42926132729735,2019-12-10 00:00:00
145.56867918491014,2019-12-11 00:00:00
143.12297867633916,2019-12-12 00:00:00
145.02592545573296,2019-12-13 00:00:00
144.6187808332106,2019-12-14 00:00:00
141.84486515951662,2019-12-15 00:00:00
142.21086918955265,2019-12-16 00:00:00
132.72274321129302,2019-12-17 00:00:00
121.770107290006,2019-12-18 00:00:00
132.74136111736684,2019-12-19 00:00:00
128.0791538700726,2019-12-20 00:00:00
128.2701941791178,2019-12-21 00:00:00
126.93287325611249,2019-12-22 00:00:00
132.17746965077103,2019-12-23 00:00:00
128.16997170630987,2019-12-24 00:00:00
127.72559890360142,2019-12-25 00:00:00
125.01870585042732,2019-12-26 00:00:00
125.61458431453704,2019-12-27 00:00:00
126.32718018933488,2019-12-28 00:00:00
128.0669874384903,2019-12-29 00:00:00
134.3236471998861,2019-12-30 00:00:00
131.4621363838881,2019-12-31 00:00:00
129.18638529253852,2020-01-01 00:00:00
130.4846850311141,2020-01-02 00:00:00
127.04525801179804,2020-01-03 00:00:00
133.70264861844188,2020-01-04 00:00:00
134.1368826978575,2020-01-05 00:00:00
135.00571364233375,2020-01-06 00:00:00
143.80639795566535,2020-01-07 00:00:00
143.019432264986,2020-01-08 00:00:00
140.27393527388705,2020-01-09 00:00:00
137.86055928182662,2020-01-10 00:00:00
144.6047743464792,2020-01-11 00:00:00
142.18233327497873,2020-01-12 00:00:00
145.42287633530452,2020-01-13 00:00:00
143.58796905036286,2020-01-14 00:00:00
165.99143854583525,2020-01-15 00:00:00
166.2530969048888,2020-01-16 00:00:00
163.80590111423027,2020-01-17 00:00:00
171.15621787671842,2020-01-18 00:00:00
174.23837318258896,2020-01-19 00:00:00
166.6271059505621,2020-01-20 00:00:00
166.93852805776982,2020-01-21 00:00:00
169.27993585839258,2020-01-22 00:00:00
167.8265296405669,2020-01-23 00:00:00
162.51937110634034,2020-01-24 00:00:00
162.40947975163584,2020-01-25 00:00:00
160.6736108617405,2020-01-26 00:00:00
167.6474095857562,2020-01-27 00:00:00
169.7364357354222,2020-01-28 00:00:00
175.19000305345378,2020-01-29 00:00:00
173.70688823620796,2020-01-30 00:00:00
184.72621843141044,2020-01-31 00:00:00
179.22910385240368,2020-02-01 00:00:00
183.33693755210257,2020-02-02 00:00:00
188.55064179431113,2020-02-03 00:00:00
189.86176346298166,2020-02-04 00:00:00
188.84220736948276,2020-02-05 00:00:00
203.8593183747095,2020-02-06 00:00:00
212.73341421352782,2020-02-07 00:00:00
223.27631974791998,2020-02-08 00:00:00
223.30077697426225,2020-02-09 00:00:00
228.29226083217347,2020-02-10 00:00:00
224.14699652028605,2020-02-11 00:00:00
236.78534852972567,2020-02-12 00:00:00
264.03276824299627,2020-02-13 00:00:00
267.6704445042514,2020-02-14 00:00:00
284.2318914741183,2020-02-15 00:00:00
263.8999463915962,2020-02-16 00:00:00
262.1562443168135,2020-02-17 00:00:00
267.9356656159883,2020-02-18 00:00:00
281.9457403055278,2020-02-19 00:00:00
259.1838037480287,2020-02-20 00:00:00
257.9883953048601,2020-02-21 00:00:00
265.1644591338591,2020-02-22 00:00:00
260.99654013152536,2020-02-23 00:00:00
274.6312157785517,2020-02-24 00:00:00
265.2421912203732,2020-02-25 00:00:00
248.31738139395102,2020-02-26 00:00:00
224.81050829744677,2020-02-27 00:00:00
225.42971511683754,2020-02-28 00:00:00
227.70528448376498,2020-02-29 00:00:00
218.34835692985286,2020-03-01 00:00:00
218.93979697447656,2020-03-02 00:00:00
231.67944604592213,2020-03-03 00:00:00
223.96011601810258,2020-03-04 00:00:00
224.13487737180202,2020-03-05 00:00:00
228.0809351016884,2020-03-06 00:00:00
244.23846951978683,2020-03-07 00:00:00
237.38079020191347,2020-03-08 00:00:00
198.81964228768578,2020-03-09 00:00:00
200.84687148188746,2020-03-10 00:00:00
200.74903854851766,2020-03-11 00:00:00
194.21794124025206,2020-03-12 00:00:00
110.5978978308351,2020-03-13 00:00:00
132.57285770180832,2020-03-14 00:00:00
123.030844108903,2020-03-15 00:00:00
124.60342553062202,2020-03-16 00:00:00
110.99159845334059,2020-03-17 00:00:00
117.21704138518466,2020-03-18 00:00:00
117.7004246469663,2020-03-19 00:00:00
136.81187578973578,2020-03-20 00:00:00
131.96469397290025,2020-03-21 00:00:00
131.94321845316688,2020-03-22 00:00:00
122.5205987665882,2020-03-23 00:00:00
135.58865798037067,2020-03-24 00:00:00
138.77657127268222,2020-03-25 00:00:00
136.23392142176775,2020-03-26 00:00:00
138.76693759902926,2020-03-27 00:00:00
130.2865618875773,2020-03-28 00:00:00
131.42405214081145,2020-03-29 00:00:00
125.31887451568916,2020-03-30 00:00:00
132.36373895414985,2020-03-31 00:00:00
133.2364468438201,2020-04-01 00:00:00
136.21638557312852,2020-04-02 00:00:00
141.4537053523866,2020-04-03 00:00:00
141.26154326644877,2020-04-04 00:00:00
144.200802681986,2020-04-05 00:00:00
142.8508834648482,2020-04-06 00:00:00
169.85504979336824,2020-04-07 00:00:00
164.5160197107307,2020-04-08 00:00:00
172.80356826747519,2020-04-09 00:00:00
170.09510352387568,2020-04-10 00:00:00
157.74015800780134,2020-04-11 00:00:00
158.32787794181905,2020-04-12 00:00:00
158.8638257195104,2020-04-13 00:00:00
156.70135879140688,2020-04-14 00:00:00
158.26715118298955,2020-04-15 00:00:00
153.2228636800284,2020-04-16 00:00:00
171.7759907508837,2020-04-17 00:00:00
170.445890477055,2020-04-18 00:00:00
187.14354411560592,2020-04-19 00:00:00
180.05859654051866,2020-04-20 00:00:00
170.70405868653958,2020-04-21 00:00:00
170.45154288047368,2020-04-22 00:00:00
182.2767576620704,2020-04-23 00:00:00
184.59370248021838,2020-04-24 00:00:00
187.34336861419638,2020-04-25 00:00:00
194.11423682570447,2020-04-26 00:00:00
197.22990444623989,2020-04-27 00:00:00
196.46262535084685,2020-04-28 00:00:00
197.15473156634306,2020-04-29 00:00:00
215.54817266567386,2020-04-30 00:00:00
205.55600541063674,2020-05-01 00:00:00
211.96829534904975,2020-05-02 00:00:00
213.94301121407548,2020-05-03 00:00:00
210.02470947464775,2020-05-04 00:00:00
206.8325342346069,2020-05-05 00:00:00
205.22517973985205,2020-05-06 00:00:00
200.25479450009442,2020-05-07 00:00:00
212.29247620086525,2020-05-08 00:00:00
211.68904835113835,2020-05-09 00:00:00
210.4318181376063,2020-05-10 00:00:00
188.13722615896586,2020-05-11 00:00:00
185.67471809740294,2020-05-12 00:00:00
189.30578181851274,2020-05-13 00:00:00
199.36937254304945,2020-05-14 00:00:00
203.21124699378416,2020-05-15 00:00:00
194.27309778153102,2020-05-16 00:00:00
200.58339090310048,2020-05-17 00:00:00
206.76889403683904,2020-05-18 00:00:00
214.35764164526782,2020-05-19 00:00:00
213.68672021176667,2020-05-20 00:00:00
209.9207882888633,2020-05-21 00:00:00
198.9175157507187,2020-05-22 00:00:00
206.22772963994552,2020-05-23 00:00:00
206.4112069583191,2020-05-24 00:00:00
200.69072858230618,2020-05-25 00:00:00
203.81011834234977,2020-05-26 00:00:00
200.96361540675866,2020-05-27 00:00:00
207.84589389085414,2020-05-28 00:00:00
219.59156405880168,2020-05-29 00:00:00
220.49116734603788,2020-05-30 00:00:00
242.70977026782677,2020-05-31 00:00:00
232.33100303896677,2020-06-01 00:00:00
248.04456658448655,2020-06-02 00:00:00
237.26532012867918,2020-06-03 00:00:00
244.1253366100756,2020-06-04 00:00:00
243.70782131595863,2020-06-05 00:00:00
240.24696898765103,2020-06-06 00:00:00
242.02164036721499,2020-06-07 00:00:00
244.22674439497985,2020-06-08 00:00:00
246.21278326044262,2020-06-09 00:00:00
243.8495266518988,2020-06-10 00:00:00
247.5419715295243,2020-06-11 00:00:00
232.00078536182022,2020-06-12 00:00:00
237.59341087744238,2020-06-13 00:00:00
238.29362910089247,2020-06-14 00:00:00
232.11252047744935,2020-06-15 00:00:00
231.0170115525279,2020-06-16 00:00:00
235.28847948297147,2020-06-17 00:00:00
233.8636184621818,2020-06-18 00:00:00
231.68485732135008,2020-06-19 00:00:00
228.9592128032193,2020-06-20 00:00:00
228.8691487972198,2020-06-21 00:00:00
227.79190590968685,2020-06-22 00:00:00
243.36470999245498,2020-06-23 00:00:00
243.07948223903702,2020-06-24 00:00:00
234.5649846444734,2020-06-25 00:00:00
232.64870349961575,2020-06-26 00:00:00
229.6365260272679,2020-06-27 00:00:00
221.0260852973422,2020-06-28 00:00:00
225.12294616525017,2020-06-29 00:00:00
228.20576377381224,2020-06-30 00:00:00
225.59281496891896,2020-07-01 00:00:00
230.66194359094902,2020-07-02 00:00:00
226.57442434030435,2020-07-03 00:00:00
225.1764054804081,2020-07-04 00:00:00
229.09471646218861,2020-07-05 00:00:00
227.8993750381917,2020-07-06 00:00:00
241.52685187431663,2020-07-07 00:00:00
238.96448054067793,2020-07-08 00:00:00
246.85900786802029,2020-07-09 00:00:00
241.97512857897888,2020-07-10 00:00:00
240.95495378293265,2020-07-11 00:00:00
239.10202554671358,2020-07-12 00:00:00
241.7715226007061,2020-07-13 00:00:00
239.63878681174097,2020-07-14 00:00:00
240.25147066847245,2020-07-15 00:00:00
238.66359720631723,2020-07-16 00:00:00
233.837074562722,2020-07-17 00:00:00
232.78147743826054,2020-07-18 00:00:00
235.6811447764246,2020-07-19 00:00:00
238.89523167867932,2020-07-20 00:00:00
236.06009844538684,2020-07-21 00:00:00
245.23373502634252,2020-07-22 00:00:00
263.7624639660021,2020-07-23 00:00:00
274.7236202591814,2020-07-24 00:00:00
279.42705624758224,2020-07-25 00:00:00
305.0381394111965,2020-07-26 00:00:00
310.51799095173624,2020-07-27 00:00:00
320.47619130968184,2020-07-28 00:00:00
316.4067660520556,2020-07-29 00:00:00
317.5390729161191,2020-07-30 00:00:00
334.7419220365616,2020-07-31 00:00:00
346.00350607288686,2020-08-01 00:00:00
387.94242117124685,2020-08-02 00:00:00
370.7323024312388,2020-08-03 00:00:00
386.24744771780877,2020-08-04 00:00:00
389.3830083498991,2020-08-05 00:00:00
400.18436250317995,2020-08-06 00:00:00
394.5417454611831,2020-08-07 00:00:00
379.1351558498163,2020-08-08 00:00:00
391.47843864211467,2020-08-09 00:00:00
389.62293111291143,2020-08-10 00:00:00
395.20991365718925,2020-08-11 00:00:00
379.17476395275435,2020-08-12 00:00:00
387.50053082397886,2020-08-13 00:00:00
427.49026536796873,2020-08-14 00:00:00
438.7625874702974,2020-08-15 00:00:00
432.6546652389318,2020-08-16 00:00:00
433.43186093211244,2020-08-17 00:00:00
430.03250508972275,2020-08-18 00:00:00
422.10665286599425,2020-08-19 00:00:00
406.5744691821068,2020-08-20 00:00:00
416.46977582279794,2020-08-21 00:00:00
386.8238914189483,2020-08-22 00:00:00
395.88501828908585,2020-08-23 00:00:00
390.7891350477376,2020-08-24 00:00:00
408.2691456317229,2020-08-25 00:00:00
383.66214311829924,2020-08-26 00:00:00
385.75249987492117,2020-08-27 00:00:00
381.8376513210842,2020-08-28 00:00:00
395.1382132386204,2020-08-29 00:00:00
399.374543834064,2020-08-30 00:00:00
428.2956791635218,2020-08-31 00:00:00
435.6930232991007,2020-09-01 00:00:00
475.6846642626859,2020-09-02 00:00:00
439.35376021531494,2020-09-03 00:00:00
383.6915311779978,2020-09-04 00:00:00
387.9040290939166,2020-09-05 00:00:00
334.46859301354317,2020-09-06 00:00:00
352.99300214607035,2020-09-07 00:00:00
351.8778602923998,2020-09-08 00:00:00
337.84505193506857,2020-09-09 00:00:00
351.2322670832359,2020-09-10 00:00:00
367.63892881000675,2020-09-11 00:00:00
373.9149059897517,2020-09-12 00:00:00
387.72351629002264,2020-09-13 00:00:00
365.695506306262,2020-09-14 00:00:00
376.394561113407,2020-09-15 00:00:00
364.6900450860686,2020-09-16 00:00:00
365.13055081164816,2020-09-17 00:00:00
388.7974562319938,2020-09-18 00:00:00
383.17286599152135,2020-09-19 00:00:00
385.4721234936851,2020-09-20 00:00:00
370.9678951624775,2020-09-21 00:00:00
341.27713087183076,2020-09-22 00:00:00
343.9175471009491,2020-09-23 00:00:00
321.0774351739628,2020-09-24 00:00:00
348.8210199785493,2020-09-25 00:00:00
351.3315670221176,2020-09-26 00:00:00
354.2615819143104,2020-09-27 00:00:00
357.0664364067552,2020-09-28 00:00:00
354.4295835375506,2020-09-29 00:00:00
359.4260895383702,2020-09-30 00:00:00
359.59898475085777,2020-10-01 00:00:00
353.1978481381707,2020-10-02 00:00:00
345.9125682279143,2020-10-03 00:00:00
345.99246319342933,2020-10-04 00:00:00
352.4588065039611,2020-10-05 00:00:00
353.6044273109067,2020-10-06 00:00:00
340.6160218128092,2020-10-07 00:00:00
341.4437964782809,2020-10-08 00:00:00
350.0556765681245,2020-10-09 00:00:00
365.33944481939363,2020-10-10 00:00:00
370.4718109734285,2020-10-11 00:00:00
374.4970150925736,2020-10-12 00:00:00
387.25555835657167,2020-10-13 00:00:00
381.16877389892255,2020-10-14 00:00:00
379.21025376092774,2020-10-15 00:00:00
377.15868107868175,2020-10-16 00:00:00
365.9906423831468,2020-10-17 00:00:00
368.6504703636898,2020-10-18 00:00:00
378.0493653237596,2020-10-19 00:00:00
379.6394773321801,2020-10-20 00:00:00
368.2270142350454,2020-10-21 00:00:00
391.16674217757225,2020-10-22 00:00:00
413.2018903361906,2020-10-23 00:00:00
408.88948864371923,2020-10-24 00:00:00
411.95921775305027,2020-10-25 00:00:00
406.157094148215,2020-10-26 00:00:00
393.38290839224464,2020-10-27 00:00:00
403.529837833562,2020-10-28 00:00:00
388.87733988207765,2020-10-29 00:00:00
386.4460129872924,2020-10-30 00:00:00
382.9007710380906,2020-10-31 00:00:00
385.8445887975079,2020-11-01 00:00:00
394.9363420491719,2020-11-02 00:00:00
383.8498034220404,2020-11-03 00:00:00
387.616373722075,2020-11-04 00:00:00
401.7330968324722,2020-11-05 00:00:00
415.9277704309719,2020-11-06 00:00:00
454.6515430984697,2020-11-07 00:00:00
435.4183540833094,2020-11-08 00:00:00
455.3583669721691,2020-11-09 00:00:00
445.0512933420698,2020-11-10 00:00:00
449.8161845012962,2020-11-11 00:00:00
463.18087172032307,2020-11-12 00:00:00
462.2056195794902,2020-11-13 00:00:00
475.9690936576015,2020-11-14 00:00:00
462.7183970607933,2020-11-15 00:00:00
449.2068016397434,2020-11-16 00:00:00
461.3711967052673,2020-11-17 00:00:00
482.1983847235396,2020-11-18 00:00:00
479.43766136247405,2020-11-19 00:00:00
471.31795839441156,2020-11-20 00:00:00
508.79221458524455,2020-11-21 00:00:00
548.842116249849,2020-11-22 00:00:00
560.5088874583059,2020-11-23 00:00:00
608.2733109189421,2020-11-24 00:00:00
602.6662623938871,2020-11-25 00:00:00
568.2751530404493,2020-11-26 00:00:00
518.4670452162002,2020-11-27 00:00:00
517.5530264056014,2020-11-28 00:00:00
537.3926120944484,2020-11-29 00:00:00
574.7511196548439,2020-11-30 00:00:00
612.2637856122055,2020-12-01 00:00:00
589.5818443540976,2020-12-02 00:00:00
598.760610095824,2020-12-03 00:00:00
616.506661565682,2020-12-04 00:00:00
571.1904316349736,2020-12-05 00:00:00
595.9194139680376,2020-12-06 00:00:00
601.9689349244918,2020-12-07 00:00:00
592.3865066820175,2020-12-08 00:00:00
554.329674302381,2020-12-09 00:00:00
573.8953091099941,2020-12-10 00:00:00
560.4542654076048,2020-12-11 00:00:00
545.9828352633687,2020-12-12 00:00:00
568.3587534073821,2020-12-13 00:00:00
590.3244403029342,2020-12-14 00:00:00
585.5418949360015,2020-12-15 00:00:00
589.0668316450424,2020-12-16 00:00:00
635.9618893796135,2020-12-17 00:00:00
644.0652701929779,2020-12-18 00:00:00
654.4204162965752,2020-12-19 00:00:00
659.3188076372094,2020-12-20 00:00:00
639.5154368778184,2020-12-21 00:00:00
610.4270278980672,2020-12-22 00:00:00
634.9797234431858,2020-12-23 00:00:00
587.9588954992439,2020-12-24 00:00:00
612.8796570505974,2020-12-25 00:00:00
626.4567387784558,2020-12-26 00:00:00
636.7423171944997,2020-12-27 00:00:00
689.6598573269875,2020-12-28 00:00:00
732.9570292975275,2020-12-29 00:00:00
735.5908981625738,2020-12-30 00:00:00
752.8559324490188,2020-12-31 00:00:00
738.6169381520413,2021-01-01 00:00:00
730.1473402196374,2021-01-02 00:00:00
777.6960653039432,2021-01-03 00:00:00
967.0005967288458,2021-01-04 00:00:00
1025.6547675669035,2021-01-05 00:00:00
1103.3582516225742,2021-01-06 00:00:00
1208.5750928728885,2021-01-07 00:00:00
1229.4713150147782,2021-01-08 00:00:00
1223.7296883535275,2021-01-09 00:00:00
1282.979575527323,2021-01-10 00:00:00
1267.7310031512136,2021-01-11 00:00:00
1092.9143378806064,2021-01-12 00:00:00
1045.406815230412,2021-01-13 00:00:00
1132.0155910164729,2021-01-14 00:00:00
1216.9147884634556,2021-01-15 00:00:00
1171.8600177046465,2021-01-16 00:00:00
1234.6318700828049,2021-01-17 00:00:00
1229.379698072007,2021-01-18 00:00:00
1255.976691513213,2021-01-19 00:00:00
1383.4840902277115,2021-01-20 00:00:00
1385.8529958752583,2021-01-21 00:00:00
1122.912432537305,2021-01-22 00:00:00
1236.6834427536564,2021-01-23 00:00:00
1231.176379704471,2021-01-24 00:00:00
1392.5397634449737,2021-01-25 00:00:00
1323.4295031020106,2021-01-26 00:00:00
1355.233724240999,2021-01-27 00:00:00
1253.141671558609,2021-01-28 00:00:00
1328.773619066556,2021-01-29 00:00:00
1380.2842591352105,2021-01-30 00:00:00
1372.427228964234,2021-01-31 00:00:00
1317.0474362291777,2021-02-01 00:00:00
1368.6644548123775,2021-02-02 00:00:00
1514.2251957516528,2021-02-03 00:00:00
1661.000824367477,2021-02-04 00:00:00
1587.8008991859367,2021-02-05 00:00:00
1724.8569083393102,2021-02-06 00:00:00
1683.941297865053,2021-02-07 00:00:00
1608.6405479857196,2021-02-08 00:00:00
1750.997553719215,2021-02-09 00:00:00
1769.053533934599,2021-02-10 00:00:00
1739.164209004836,2021-02-11 00:00:00
1782.5088691218523,2021-02-12 00:00:00
1841.1977507032907,2021-02-13 00:00:00
1810.8425457323726,2021-02-14 00:00:00
1804.9841464366498,2021-02-15 00:00:00
1775.758351701864,2021-02-16 00:00:00
1782.5753090505934,2021-02-17 00:00:00
1845.5739221567521,2021-02-18 00:00:00
1938.5694368074617,2021-02-19 00:00:00
1969.9797177628186,2021-02-20 00:00:00
1929.367692879665,2021-02-21 00:00:00
1941.4267676797988,2021-02-22 00:00:00
1788.6152102806425,2021-02-23 00:00:00
1563.9246059011416,2021-02-24 00:00:00
1628.391533792655,2021-02-25 00:00:00
1468.8601037286776,2021-02-26 00:00:00
1450.988746804119,2021-02-27 00:00:00
1480.1295768477528,2021-02-28 00:00:00
1416.661552837565,2021-03-01 00:00:00
1570.3996896340539,2021-03-02 00:00:00
1497.0891042633873,2021-03-03 00:00:00
1579.4271687603093,2021-03-04 00:00:00
1546.4996211167372,2021-03-05 00:00:00
1539.0484290947375,2021-03-06 00:00:00
1661.9279698998157,2021-03-07 00:00:00
1727.463096224567,2021-03-08 00:00:00
1837.5330305439452,2021-03-09 00:00:00
1869.3311016255,2021-03-10 00:00:00
1802.3110916881178,2021-03-11 00:00:00
1826.0574768119818,2021-03-12 00:00:00
1770.9361793697751,2021-03-13 00:00:00
1927.7207203999014,2021-03-14 00:00:00
1866.0715447008808,2021-03-15 00:00:00
1791.047851830107,2021-03-16 00:00:00
1808.5512173614395,2021-03-17 00:00:00
1828.7548332342565,2021-03-18 00:00:00
1780.1596459528505,2021-03-19 00:00:00
1817.1329628084297,2021-03-20 00:00:00
1817.8601431294944,2021-03-21 00:00:00
1790.3780747526928,2021-03-22 00:00:00
1686.8911971580417,2021-03-23 00:00:00
1673.8591835627929,2021-03-24 00:00:00
1581.631055931366,2021-03-25 00:00:00
1587.2979641585232,2021-03-26 00:00:00
1700.3668693581185,2021-03-27 00:00:00
1713.8378756834459,2021-03-28 00:00:00
1689.0367982059097,2021-03-29 00:00:00
1817.626388088868,2021-03-30 00:00:00
1840.294951985396,2021-03-31 00:00:00
1915.8325358462234,2021-04-01 00:00:00
1970.4711995232753,2021-04-02 00:00:00
2134.101788297294,2021-04-03 00:00:00
2016.6672472930366,2021-04-04 00:00:00
2077.755212422407,2021-04-05 00:00:00
2097.7963827792596,2021-04-06 00:00:00
2115.0554517461082,2021-04-07 00:00:00
1989.1480619041722,2021-04-08 00:00:00
2081.3540625398964,2021-04-09 00:00:00
2069.6677960855295,2021-04-10 00:00:00
2142.7960653929085,2021-04-11 00:00:00
2150.2651427927744,2021-04-12 00:00:00
2142.476275865736,2021-04-13 00:00:00
2304.3435163110134,2021-04-14 00:00:00
2429.6615277515734,2021-04-15 00:00:00
2514.1684155812304,2021-04-16 00:00:00
2424.5538447081194,2021-04-17 00:00:00
2345.266962776132,2021-04-18 00:00:00
2245.7607533508544,2021-04-19 00:00:00
2168.032726735651,2021-04-20 00:00:00
2324.2846872281943,2021-04-21 00:00:00
2373.501344298211,2021-04-22 00:00:00
2426.0711497906045,2021-04-23 00:00:00
2364.2312036020908,2021-04-24 00:00:00
2212.8437976342047,2021-04-25 00:00:00
2307.35532084471,2021-04-26 00:00:00
2532.3868028851084,2021-04-27 00:00:00
2647.158189660288,2021-04-28 00:00:00
2748.7845851218613,2021-04-29 00:00:00
2757.497552304977,2021-04-30 00:00:00
2776.70371169874,2021-05-01 00:00:00
2944.9169473185057,2021-05-02 00:00:00
2953.2973480804735,2021-05-03 00:00:00
3439.8550695192603,2021-05-04 00:00:00
3245.663148933579,2021-05-05 00:00:00
3524.562728476055,2021-05-06 00:00:00
3495.0758690360576,2021-05-07 00:00:00
3493.534500000208,2021-05-08 00:00:00
3912.7429165968124,2021-05-09 00:00:00
3932.754068170969,2021-05-10 00:00:00
3979.6086519212827,2021-05-11 00:00:00
4182.790285752286,2021-05-12 00:00:00
3906.108903329409,2021-05-13 00:00:00
3750.3415950592753,2021-05-14 00:00:00
4088.73170832043,2021-05-15 00:00:00
3659.9218442136184,2021-05-16 00:00:00
3602.0048969299023,2021-05-17 00:00:00
3288.2298872378637,2021-05-18 00:00:00
3399.0492796569383,2021-05-19 00:00:00
2505.014945945662,2021-05-20 00:00:00
2778.279660560299,2021-05-21 00:00:00
2419.1032171150196,2021-05-22 00:00:00
2306.371266867117,2021-05-23 00:00:00
2120.0373745099428,2021-05-24 00:00:00
2640.1596323488234,2021-05-25 00:00:00
2695.4778071496326,2021-05-26 00:00:00
2882.483407624011,2021-05-27 00:00:00
2742.990862697615,2021-05-28 00:00:00
2433.328865728611,2021-05-29 00:00:00
2294.626285512794,2021-05-30 00:00:00
2395.8532280027384,2021-05-31 00:00:00
2708.429865793973,2021-06-01 00:00:00
2632.6565998696506,2021-06-02 00:00:00
2717.1540367097723,2021-06-03 00:00:00
2858.27670209791,2021-06-04 00:00:00
2694.4976666790503,2021-06-05 00:00:00
2624.7689150594238,2021-06-06 00:00:00
2711.5479390111605,2021-06-07 00:00:00
2580.5355800598445,2021-06-08 00:00:00
2528.022300878691,2021-06-09 00:00:00
2620.6253893038547,2021-06-10 00:00:00
2486.600068788676,2021-06-11 00:00:00
2356.6347741896757,2021-06-12 00:00:00
2379.991747950219,2021-06-13 00:00:00
2517.771695525423,2021-06-14 00:00:00
2587.381610979154,2021-06-15 00:00:00
2561.1883309320033,2021-06-16 00:00:00
2365.872786190649,2021-06-17 00:00:00
2380.744519633922,2021-06-18 00:00:00
2231.554315497782,2021-06-19 00:00:00
2176.308536317709,2021-06-20 00:00:00
2251.5605593660407,2021-06-21 00:00:00
1900.1222998935382,2021-06-22 00:00:00
1875.3576944712033,2021-06-23 00:00:00
1971.1059779809414,2021-06-24 00:00:00
1990.0761511910587,2021-06-25 00:00:00
1833.4631609981645,2021-06-26 00:00:00
1817.047665540675,2021-06-27 00:00:00
1973.9268648383472,2021-06-28 00:00:00
2087.5187237874175,2021-06-29 00:00:00
2169.400067865984,2021-06-30 00:00:00
2279.354161419647,2021-07-01 00:00:00
2121.657900633364,2021-07-02 00:00:00
2157.880584866453,2021-07-03 00:00:00
2228.532398568573,2021-07-04 00:00:00
2329.004750998825,2021-07-05 00:00:00
2217.3018530598792,2021-07-06 00:00:00
2320.6549288317,2021-07-07 00:00:00
2317.23694270242,2021-07-08 00:00:00
2126.4424673902267,2021-07-09 00:00:00
2156.5809569525845,2021-07-10 00:00:00
2123.0585974934124,2021-07-11 00:00:00
2144.0142572722566,2021-07-12 00:00:00
2042.4991866143628,2021-07-13 00:00:00
1944.3950166372085,2021-07-14 00:00:00
1997.6633136705987,2021-07-15 00:00:00
1910.7269516309964,2021-07-16 00:00:00
1874.2002496808186,2021-07-17 00:00:00
1899.8427500663568,2021-07-18 00:00:00
1905.723382843169,2021-07-19 00:00:00
1824.929392091902,2021-07-20 00:00:00
1794.973425186835,2021-07-21 00:00:00
2003.7239214521073,2021-07-22 00:00:00
2027.5334479167045,2021-07-23 00:00:00
2117.154607794504,2021-07-24 00:00:00
2183.627414557696,2021-07-25 00:00:00
2209.4993601030114,2021-07-26 00:00:00
2230.212067673471,2021-07-27 00:00:00
2292.579636803809,2021-07-28 00:00:00
2299.689405936291,2021-07-29 00:00:00
2383.443259961735,2021-07-30 00:00:00
2462.3999826480103,2021-07-31 00:00:00
2541.674599365905,2021-08-01 00:00:00
2555.408178513038,2021-08-02 00:00:00
2611.6730699481845,2021-08-03 00:00:00
2521.268474889094,2021-08-04 00:00:00
2724.5322427136302,2021-08-05 00:00:00
2821.649692746136,2021-08-06 00:00:00
2888.7322742752317,2021-08-07 00:00:00
3151.2175169176753,2021-08-08 00:00:00
3012.3085592702105,2021-08-09 00:00:00
3163.0646551948857,2021-08-10 00:00:00
3147.842995401753,2021-08-11 00:00:00
3166.6472179679286,2021-08-12 00:00:00
3048.4126816864195,2021-08-13 00:00:00
3323.19799054098,2021-08-14 00:00:00
3268.5481770314927,2021-08-15 00:00:00
3309.7549104132368,2021-08-16 00:00:00
3153.583683763619,2021-08-17 00:00:00
3007.1440271712713,2021-08-18 00:00:00
3037.230251196439,2021-08-19 00:00:00
3144.8184367851927,2021-08-20 00:00:00
3276.9698366433354,2021-08-21 00:00:00
3224.0004601521537,2021-08-22 00:00:00
3243.4863583537394,2021-08-23 00:00:00
3320.4091697810586,2021-08-24 00:00:00
3177.6637963046905,2021-08-25 00:00:00
3231.4414517287996,2021-08-26 00:00:00
3122.971797237849,2021-08-27 00:00:00
3267.539434750998,2021-08-28 00:00:00
3245.430222387629,2021-08-29 00:00:00
3233.383151693551,2021-08-30 00:00:00
3232.7338632854617,2021-08-31 00:00:00
3440.5623358869034,2021-09-01 00:00:00
3790.6139962215557,2021-09-02 00:00:00
3793.3007433464186,2021-09-03 00:00:00
3936.1633916244464,2021-09-04 00:00:00
3894.937511605067,2021-09-05 00:00:00
3950.270344526561,2021-09-06 00:00:00
3943.256785301908,2021-09-07 00:00:00
3440.3417568365676,2021-09-08 00:00:00
3496.859022996073,2021-09-09 00:00:00
3435.97993265133,2021-09-10 00:00:00
3209.915696090501,2021-09-11 00:00:00
3268.1041621348804,2021-09-12 00:00:00
3417.839366766938,2021-09-13 00:00:00
3301.186776828727,2021-09-14 00:00:00
3425.2508733748823,2021-09-15 00:00:00
3595.9625714292315,2021-09-16 00:00:00
3573.3075160249905,2021-09-17 00:00:00
3412.177182421673,2021-09-18 00:00:00
3427.58426153173,2021-09-19 00:00:00
3335.884886514119,2021-09-20 00:00:00
2977.3226793404747,2021-09-21 00:00:00
2744.1109995297,2021-09-22 00:00:00
3074.119761245824,2021-09-23 00:00:00
3159.269865581771,2021-09-24 00:00:00
2930.7427060738946,2021-09-25 00:00:00
2946.9708461401983,2021-09-26 00:00:00
3063.31634471348,2021-09-27 00:00:00
2939.742282853775,2021-09-28 00:00:00
2798.9844172601042,2021-09-29 00:00:00
2855.6117305265157,2021-09-30 00:00:00
3013.4932320320772,2021-10-01 00:00:00
3305.107041443724,2021-10-02 00:00:00
3393.9242492696653,2021-10-03 00:00:00
3426.387080851377,2021-10-04 00:00:00
3390.310407759615,2021-10-05 00:00:00
3520.3422566393974,2021-10-06 00:00:00
3592.1761295000256,2021-10-07 00:00:00
3594.918357967647,2021-10-08 00:00:00
3558.549577083409,2021-10-09 00:00:00
3588.0809215501645,2021-10-10 00:00:00
3431.0193069150096,2021-10-11 00:00:00
3537.840087124068,2021-10-12 00:00:00
3498.1052921206597,2021-10-13 00:00:00
3605.6503342981764,2021-10-14 00:00:00
3794.516888224821,2021-10-15 00:00:00
3885.641764529699,2021-10-16 00:00:00
3854.498461449342,2021-10-17 00:00:00
3854.223686940845,2021-10-18 00:00:00
3752.61872738495,2021-10-19 00:00:00
3884.5872952429017,2021-10-20 00:00:00
4170.107932886265,2021-10-21 00:00:00
4074.8601575202883,2021-10-22 00:00:00
3990.711976433473,2021-10-23 00:00:00
4179.44229816945,2021-10-24 00:00:00
4094.9389934187225,2021-10-25 00:00:00
4230.208371594039,2021-10-26 00:00:00
4152.570288731245,2021-10-27 00:00:00
3944.090861781322,2021-10-28 00:00:00
4288.09721878663,2021-10-29 00:00:00
4422.940535593754,2021-10-30 00:00:00
4324.6099257118785,2021-10-31 00:00:00
4292.04047236198,2021-11-01 00:00:00
4330.553151595248,2021-11-02 00:00:00
4596.59309058429,2021-11-03 00:00:00
4607.699273078144,2021-11-04 00:00:00
4550.014435142697,2021-11-05 00:00:00
4494.80276090967,2021-11-06 00:00:00
4527.104154150622,2021-11-07 00:00:00
4626.6292884486975,2021-11-08 00:00:00
4815.004634322234,2021-11-09 00:00:00
4742.08091060724,2021-11-10 00:00:00
4641.528764849704,2021-11-11 00:00:00
4732.9244503493555,2021-11-12 00:00:00
4685.10635551733,2021-11-13 00:00:00
4666.498498194288,2021-11-14 00:00:00
4652.947394238871,2021-11-15 00:00:00
4583.211418759011,2021-11-16 00:00:00
4243.352906802173,2021-11-17 00:00:00
4302.804958962834,2021-11-18 00:00:00
3993.846595161859,2021-11-19 00:00:00
4317.603195646166,2021-11-20 00:00:00
4436.192766930451,2021-11-21 00:00:00
4319.361566856902,2021-11-22 00:00:00
4101.062876490145,2021-11-23 00:00:00
4355.420957796475,2021-11-24 00:00:00
4269.437219728043,2021-11-25 00:00:00
4515.843300142739,2021-11-26 00:00:00
4048.3128440761725,2021-11-27 00:00:00
4084.0884856959556,2021-11-28 00:00:00
4290.091862536401,2021-11-29 00:00:00
4444.528279821561,2021-11-30 00:00:00
4637.121616831405,2021-12-01 00:00:00
4589.610617539151,2021-12-02 00:00:00
4519.441028028784,2021-12-03 00:00:00
4240.155516808957,2021-12-04 00:00:00
4101.656791810778,2021-12-05 00:00:00
4198.572874562462,2021-12-06 00:00:00
4347.615630598069,2021-12-07 00:00:00
4310.566646424531,2021-12-08 00:00:00
4431.540647139759,2021-12-09 00:00:00
4153.333310724186,2021-12-10 00:00:00
3918.200743402953,2021-12-11 00:00:00
4079.814930569866,2021-12-12 00:00:00
4135.841510137412,2021-12-13 00:00:00
3782.8952622347147,2021-12-14 00:00:00
3858.1644681806974,2021-12-15 00:00:00
4015.72254331389,2021-12-16 00:00:00
3971.5597663421136,2021-12-17 00:00:00
3886.7473617182886,2021-12-18 00:00:00
3966.4253516705508,2021-12-19 00:00:00
3928.8417238716206,2021-12-20 00:00:00
3950.4823919860964,2021-12-21 00:00:00
4036.549717813428,2021-12-22 00:00:00
3992.5945766373156,2021-12-23 00:00:00
4113.529931874606,2021-12-24 00:00:00
4055.1173669313243,2021-12-25 00:00:00
4110.571870853741,2021-12-26 00:00:00
4075.03161894955,2021-12-27 00:00:00
4045.051350119327,2021-12-28 00:00:00
3807.3603674991996,2021-12-29 00:00:00
3644.405516878227,2021-12-30 00:00:00
3714.945456115339,2021-12-31 00:00:00
3686.4025423019352,2022-01-01 00:00:00
3780.315874327848,2022-01-02 00:00:00
3835.3959914939574,2022-01-03 00:00:00
3769.4049401148714,2022-01-04 00:00:00
3794.908130100449,2022-01-05 00:00:00
3556.9062274078738,2022-01-06 00:00:00
3416.8260086159135,2022-01-07 00:00:00
3201.79457434796,2022-01-08 00:00:00
3101.0409016141402,2022-01-09 00:00:00
3156.967262159481,2022-01-10 00:00:00
3086.7290024387257,2022-01-11 00:00:00
3246.413723028553,2022-01-12 00:00:00
3378.0358951715943,2022-01-13 00:00:00
3256.7588661330324,2022-01-14 00:00:00
3311.986061274383,2022-01-15 00:00:00
3331.246655159985,2022-01-16 00:00:00
3356.2954438590405,2022-01-17 00:00:00
3216.592980619574,2022-01-18 00:00:00
3166.4539115046164,2022-01-19 00:00:00
3097.0214660626802,2022-01-20 00:00:00
3015.588777543836,2022-01-21 00:00:00
2564.3433423740635,2022-01-22 00:00:00
2407.377851608285,2022-01-23 00:00:00
2537.836727861043,2022-01-24 00:00:00
2447.831512095295,2022-01-25 00:00:00
2465.21922984942,2022-01-26 00:00:00
2470.4304120157067,2022-01-27 00:00:00
2411.863855325421,2022-01-28 00:00:00
2551.1110735194716,2022-01-29 00:00:00
2603.603872339056,2022-01-30 00:00:00
2610.1824055910874,2022-01-31 00:00:00
2689.2208672204492,2022-02-01 00:00:00
2797.434855273681,2022-02-02 00:00:00
2690.319739476765,2022-02-03 00:00:00
2667.256728215686,2022-02-04 00:00:00
2993.0994395135976,2022-02-05 00:00:00
3018.6733981571506,2022-02-06 00:00:00
3062.8058084507857,2022-02-07 00:00:00
3149.953285509783,2022-02-08 00:00:00
3127.438106740214,2022-02-09 00:00:00
3240.9210444877285,2022-02-10 00:00:00
3081.911501840844,2022-02-11 00:00:00
2930.5631692063735,2022-02-12 00:00:00
2918.0853674291184,2022-02-13 00:00:00
2889.235678281073,2022-02-14 00:00:00
2935.6454998606846,2022-02-15 00:00:00
3179.3002065350443,2022-02-16 00:00:00
3128.640780542462,2022-02-17 00:00:00
2881.613122162859,2022-02-18 00:00:00
2792.3038477186237,2022-02-19 00:00:00
2768.9716520348597,2022-02-20 00:00:00
2632.49139911745,2022-02-21 00:00:00
2574.513383778016,2022-02-22 00:00:00
2644.153655546016,2022-02-23 00:00:00
2594.700959110155,2022-02-24 00:00:00
2599.9335696870216,2022-02-25 00:00:00
2771.890509646429,2022-02-26 00:00:00
2785.3389569017427,2022-02-27 00:00:00
2629.48312082149,2022-02-28 00:00:00
2919.294962425658,2022-03-01 00:00:00
2977.276039756805,2022-03-02 00:00:00
2953.315776286441,2022-03-03 00:00:00
2836.9063366005576,2022-03-04 00:00:00
2619.356137634489,2022-03-05 00:00:00
2668.70597865687,2022-03-06 00:00:00
2558.359874049847,2022-03-07 00:00:00
2498.658864965217,2022-03-08 00:00:00
2576.6271539947625,2022-03-09 00:00:00
2731.037685293996,2022-03-10 00:00:00
2611.4647225047097,2022-03-11 00:00:00
2562.8323535359655,2022-03-12 00:00:00
2579.4581356883637,2022-03-13 00:00:00
2518.492845270615,2022-03-14 00:00:00
2591.5420409591425,2022-03-15 00:00:00
2620.363852420936,2022-03-16 00:00:00
2771.759457292368,2022-03-17 00:00:00
2817.401074966818,2022-03-18 00:00:00
2945.7459101862714,2022-03-19 00:00:00
2947.226158224087,2022-03-20 00:00:00
2860.641960901919,2022-03-21 00:00:00
2896.5869324317464,2022-03-22 00:00:00
2969.78498365825,2022-03-23 00:00:00
3028.8352577107285,2022-03-24 00:00:00
3106.657023584939,2022-03-25 00:00:00
3106.072054158695,2022-03-26 00:00:00
3140.8757105064406,2022-03-27 00:00:00
3285.1730967305425,2022-03-28 00:00:00
3328.9341246867148,2022-03-29 00:00:00
3401.184431040135,2022-03-30 00:00:00
3383.7887617814154,2022-03-31 00:00:00
3283.3028425717257,2022-04-01 00:00:00
3451.1960908672754,2022-04-02 00:00:00
3440.3362384891684,2022-04-03 00:00:00
3521.5847247785246,2022-04-04 00:00:00
3520.9671175043636,2022-04-05 00:00:00
3422.9698837547116,2022-04-06 00:00:00
3171.371104498954,2022-04-07 00:00:00
3232.834988999582,2022-04-08 00:00:00
3192.0250912893603,2022-04-09 00:00:00
3265.938067729151,2022-04-10 00:00:00
3219.159553453764,2022-04-11 00:00:00
2992.7021064252435,2022-04-12 00:00:00
3038.209421996366,2022-04-13 00:00:00
3121.399823462041,2022-04-14 00:00:00
3023.417211885316,2022-04-15 00:00:00
3045.42807480128,2022-04-16 00:00:00
3066.3580141449797,2022-04-17 00:00:00
2995.719421019825,2022-04-18 00:00:00
3061.8905711469047,2022-04-19 00:00:00
3104.688447526111,2022-04-20 00:00:00
3079.6764776018495,2022-04-21 00:00:00
2987.4888760341605,2022-04-22 00:00:00
2967.085285238213,2022-04-23 00:00:00
2940.6879777714407,2022-04-24 00:00:00
2922.901865199808,2022-04-25 00:00:00
3008.3363470853,2022-04-26 00:00:00
2806.748835957046,2022-04-27 00:00:00
2889.5922230230817,2022-04-28 00:00:00
2932.455083612903,2022-04-29 00:00:00
2817.4898821916195,2022-04-30 00:00:00
2738.1741359527714,2022-05-01 00:00:00
2832.513106895354,2022-05-02 00:00:00
2861.3723755560436,2022-05-03 00:00:00
2786.0472478011084,2022-05-04 00:00:00
2942.052313122658,2022-05-05 00:00:00
2753.936566546688,2022-05-06 00:00:00
2699.7072470893745,2022-05-07 00:00:00
2641.229106940243,2022-05-08 00:00:00
2517.8299224886478,2022-05-09 00:00:00
2249.8909622207443,2022-05-10 00:00:00
2344.797715643986,2022-05-11 00:00:00
2080.910243657776,2022-05-12 00:00:00
1966.6991711336661,2022-05-13 00:00:00
2010.214051125259,2022-05-14 00:00:00
2064.229357512243,2022-05-15 00:00:00
2147.047447880575,2022-05-16 00:00:00
2025.8886983912162,2022-05-17 00:00:00
2095.178884796724,2022-05-18 00:00:00
1915.1771232664505,2022-05-19 00:00:00
2023.8482593608173,2022-05-20 00:00:00
1963.9909395294865,2022-05-21 00:00:00
1978.1471325624789,2022-05-22 00:00:00
2046.6463496545232,2022-05-23 00:00:00
1974.5811944790914,2022-05-24 00:00:00
1979.770545006472,2022-05-25 00:00:00
1944.8428445072448,2022-05-26 00:00:00
1807.9694742881136,2022-05-27 00:00:00
1724.8757340323443,2022-05-28 00:00:00
1798.6948545788846,2022-05-29 00:00:00
1814.9831598025937,2022-05-30 00:00:00
1995.9364841552344,2022-05-31 00:00:00
1944.078766836179,2022-06-01 00:00:00
1828.8926546074292,2022-06-02 00:00:00
1833.089840845753,2022-06-03 00:00:00
1776.979907458187,2022-06-04 00:00:00
1804.2616695112486,2022-06-05 00:00:00
1805.3313949894373,2022-06-06 00:00:00
1860.1813068416047,2022-06-07 00:00:00
1818.3877119829308,2022-06-08 00:00:00
1794.539625671828,2022-06-09 00:00:00
1788.4182866616045,2022-06-10 00:00:00
1663.844367412088,2022-06-11 00:00:00
1530.0386174317211,2022-06-12 00:00:00
1454.6867601728409,2022-06-13 00:00:00
1205.5952855404787,2022-06-14 00:00:00
1214.8662649132034,2022-06-15 00:00:00
1230.3643353556051,2022-06-16 00:00:00
1068.6035748646073,2022-06-17 00:00:00
1087.8139244584365,2022-06-18 00:00:00
995.2525692707909,2022-06-19 00:00:00
1125.7540917942745,2022-06-20 00:00:00
1132.0543935828048,2022-06-21 00:00:00
1124.5613920165545,2022-06-22 00:00:00
1051.0740681589236,2022-06-23 00:00:00
1144.4807534808065,2022-06-24 00:00:00
1229.3040854466553,2022-06-25 00:00:00
1244.2862044953927,2022-06-26 00:00:00
1201.237790641909,2022-06-27 00:00:00
1194.2245084746116,2022-06-28 00:00:00
1143.5335357209958,2022-06-29 00:00:00
1098.9055176105344,2022-06-30 00:00:00
1057.6309990608017,2022-07-01 00:00:00
1068.8194401301964,2022-07-02 00:00:00
1068.5415025999594,2022-07-03 00:00:00
1074.6073175787587,2022-07-04 00:00:00
1153.3483147880897,2022-07-05 00:00:00
1134.017069659217,2022-07-06 00:00:00
1188.72564292538,2022-07-07 00:00:00
1240.3784056617153,2022-07-08 00:00:00
1233.5146792602989,2022-07-09 00:00:00
1216.8497068484603,2022-07-10 00:00:00
1169.012707661018,2022-07-11 00:00:00
1097.4494380477286,2022-07-12 00:00:00
1040.7971455029597,2022-07-13 00:00:00
1112.9207827012565,2022-07-14 00:00:00
1191.1308371103116,2022-07-15 00:00:00
1234.0991389763224,2022-07-16 00:00:00
1355.04564021949,2022-07-17 00:00:00
1344.7202840019017,2022-07-18 00:00:00
1570.6589588642053,2022-07-19 00:00:00
1542.6298214332235,2022-07-20 00:00:00
1527.4139307593093,2022-07-21 00:00:00
1576.8252394976823,2022-07-22 00:00:00
1536.124922238913,2022-07-23 00:00:00
1552.4964891908746,2022-07-24 00:00:00
1601.2079670127046,2022-07-25 00:00:00
1450.4822852139405,2022-07-26 00:00:00
1438.9880382230651,2022-07-27 00:00:00
1636.9491814677851,2022-07-28 00:00:00
1723.5485206790597,2022-07-29 00:00:00
1739.0421771356112,2022-07-30 00:00:00
1696.7850982136515,2022-07-31 00:00:00
1682.011373614746,2022-08-01 00:00:00
1636.0185563573557,2022-08-02 00:00:00
1638.3786826572205,2022-08-03 00:00:00
1621.3413236364065,2022-08-04 00:00:00
1612.4189067269824,2022-08-05 00:00:00
1725.3826270211505,2022-08-06 00:00:00
1693.2965918360276,2022-08-07 00:00:00
1699.0064178886953,2022-08-08 00:00:00
1775.7013555270828,2022-08-09 00:00:00
1698.9661290126492,2022-08-10 00:00:00
1852.8785552656473,2022-08-11 00:00:00
1881.4274054352998,2022-08-12 00:00:00
1959.3309247187408,2022-08-13 00:00:00
1982.4118280514233,2022-08-14 00:00:00
1936.7011636052605,2022-08-15 00:00:00
1908.2776419059185,2022-08-16 00:00:00
1880.6001012594395,2022-08-17 00:00:00
1834.8264526426372,2022-08-18 00:00:00
1850.1112910473696,2022-08-19 00:00:00
1618.5325042633535,2022-08-20 00:00:00
1579.4157230953704,2022-08-21 00:00:00
1624.149982884847,2022-08-22 00:00:00
1622.30703457785,2022-08-23 00:00:00
1665.7919073919315,2022-08-24 00:00:00
1657.7936424663385,2022-08-25 00:00:00
1697.0769719636442,2022-08-26 00:00:00
1510.1891114840514,2022-08-27 00:00:00
1496.0554659420902,2022-08-28 00:00:00
1438.7470503278116,2022-08-29 00:00:00
1555.1774560415913,2022-08-30 00:00:00
1525.400116232047,2022-08-31 00:00:00
1552.5629662281337,2022-09-01 00:00:00
1588.9803510869067,2022-09-02 00:00:00
1575.1766307276075,2022-09-03 00:00:00
1555.6740772078124,2022-09-04 00:00:00
1578.9493013433012,2022-09-05 00:00:00
1617.9354554854337,2022-09-06 00:00:00
1564.5589540302462,2022-09-07 00:00:00
1629.8832311636493,2022-09-08 00:00:00
1635.9321760130483,2022-09-09 00:00:00
1717.0769569840472,2022-09-10 00:00:00
1779.5190288833046,2022-09-11 00:00:00
1761.317355880691,2022-09-12 00:00:00
1710.1642908515214,2022-09-13 00:00:00
1573.2052136951713,2022-09-14 00:00:00
1635.3682061921256,2022-09-15 00:00:00
1471.999592516298,2022-09-16 00:00:00
1432.215807478607,2022-09-17 00:00:00
1471.2039553630448,2022-09-18 00:00:00
1335.8525523850524,2022-09-19 00:00:00
1379.920704526258,2022-09-20 00:00:00
1324.1905646155858,2022-09-21 00:00:00
1252.7745621685783,2022-09-22 00:00:00
1330.7927929218301,2022-09-23 00:00:00
1329.558806730321,2022-09-24 00:00:00
1318.099347021849,2022-09-25 00:00:00
1294.0750952797787,2022-09-26 00:00:00
1335.1212051991713,2022-09-27 00:00:00
1331.1501769338627,2022-09-28 00:00:00
1340.0230594816517,2022-09-29 00:00:00
1335.7389706335669,2022-09-30 00:00:00
1329.1460320707963,2022-10-01 00:00:00
1311.2633244162857,2022-10-02 00:00:00
1277.901345279672,2022-10-03 00:00:00
1323.5040179722914,2022-10-04 00:00:00
1363.2371821945037,2022-10-05 00:00:00
1352.5865243024869,2022-10-06 00:00:00
1351.4273691979538,2022-10-07 00:00:00
1324.8947380290601,2022-10-08 00:00:00
1315.857799905668,2022-10-09 00:00:00
1322.2697552193713,2022-10-10 00:00:00
1291.0816596695552,2022-10-11 00:00:00
1279.8833075472612,2022-10-12 00:00:00
1294.2710513882173,2022-10-13 00:00:00
1288.1640147020812,2022-10-14 00:00:00
1297.6276053223842,2022-10-15 00:00:00
1275.6937773947975,2022-10-16 00:00:00
1306.943118828839,2022-10-17 00:00:00
1333.4408776301655,2022-10-18 00:00:00
1311.8067255158232,2022-10-19 00:00:00
1284.654933702257,2022-10-20 00:00:00
1282.0426467759612,2022-10-21 00:00:00
1299.8019052506386,2022-10-22 00:00:00
1313.767778723105,2022-10-23 00:00:00
1364.4868713063736,2022-10-24 00:00:00
1343.334491985092,2022-10-25 00:00:00
1462.0489375629863,2022-10-26 00:00:00
1568.7475855708392,2022-10-27 00:00:00
1514.8635252533977,2022-10-28 00:00:00
1555.0292135813938,2022-10-29 00:00:00
1619.4295836277443,2022-10-30 00:00:00
1591.0517734961002,2022-10-31 00:00:00
1572.979514885975,2022-11-01 00:00:00
1580.3787334402593,2022-11-02 00:00:00
1520.6383643789845,2022-11-03 00:00:00
1531.112630741574,2022-11-04 00:00:00
1644.1928578089398,2022-11-05 00:00:00
1626.8064304933644,2022-11-06 00:00:00
1572.9477769721586,2022-11-07 00:00:00
1569.9886360033397,2022-11-08 00:00:00
1334.2879331082395,2022-11-09 00:00:00
1095.1839771132936,2022-11-10 00:00:00
1301.5538803074423,2022-11-11 00:00:00
1293.9115948871518,2022-11-12 00:00:00
1255.6010507578437,2022-11-13 00:00:00
1223.0064433283683,2022-11-14 00:00:00
1241.997092728311,2022-11-15 00:00:00
1252.7067308366848,2022-11-16 00:00:00
1217.7020892163014,2022-11-17 00:00:00
1201.7898419641292,2022-11-18 00:00:00
1213.49631006335,2022-11-19 00:00:00
1218.8936571112463,2022-11-20 00:00:00
1144.2531525085535,2022-11-21 00:00:00
1110.2882130124592,2022-11-22 00:00:00
1135.175811894246,2022-11-23 00:00:00
1184.4617581029652,2022-11-24 00:00:00
1204.2078028331202,2022-11-25 00:00:00
1198.9755884889066,2022-11-26 00:00:00
1205.6579602157142,2022-11-27 00:00:00
1196.1962195659255,2022-11-28 00:00:00
1170.115741471507,2022-11-29 00:00:00
1216.936420693739,2022-11-30 00:00:00
1298.94077037352,2022-12-01 00:00:00
1276.6393714030964,2022-12-02 00:00:00
1293.9480231782143,2022-12-03 00:00:00
1243.0408423289737,2022-12-04 00:00:00
1282.4164481394064,2022-12-05 00:00:00
1259.7575748565346,2022-12-06 00:00:00
1271.9354761263946,2022-12-07 00:00:00
1233.6250483990402,2022-12-08 00:00:00
1281.210637067264,2022-12-09 00:00:00
1264.4773467215684,2022-12-10 00:00:00
1264.7922793495136,2022-12-11 00:00:00
1264.317985551174,2022-12-12 00:00:00
1275.332421155143,2022-12-13 00:00:00
1319.413007743119,2022-12-14 00:00:00
1308.4001523403851,2022-12-15 00:00:00
1263.7464240856877,2022-12-16 00:00:00
1165.9737772823325,2022-12-17 00:00:00
1189.4275215641987,2022-12-18 00:00:00
1186.7779210362507,2022-12-19 00:00:00
1166.9895905156618,2022-12-20 00:00:00
1217.8888916641765,2022-12-21 00:00:00
1213.3431612255224,2022-12-22 00:00:00
1217.8525497108176,2022-12-23 00:00:00
1220.701744919786,2022-12-24 00:00:00
1221.3595303484499,2022-12-25 00:00:00
1219.286343216304,2022-12-26 00:00:00
1226.2534148310056,2022-12-27 00:00:00
1211.819562063861,2022-12-28 00:00:00
1188.7286638821608,2022-12-29 00:00:00
1201.5431060594274,2022-12-30 00:00:00
1199.1104971711857,2022-12-31 00:00:00
1196.6130648084502,2023-01-01 00:00:00
1200.65921690107,2023-01-02 00:00:00
1214.3789459253508,2023-01-03 00:00:00
1214.760969419338,2023-01-04 00:00:00
1256.4366037834864,2023-01-05 00:00:00
1250.7922522355914,2023-01-06 00:00:00
1270.028610178057,2023-01-07 00:00:00
1264.8369433837202,2023-01-08 00:00:00
1284.5754041342987,2023-01-09 00:00:00
1321.676571173056,2023-01-10 00:00:00
1336.017071771777,2023-01-11 00:00:00
1389.7716620941067,2023-01-12 00:00:00
1417.134908743914,2023-01-13 00:00:00
1453.3769102089225,2023-01-14 00:00:00
1549.111474081304,2023-01-15 00:00:00
1551.324517175301,2023-01-16 00:00:00
1577.725890482971,2023-01-17 00:00:00
1569.5308332272923,2023-01-18 00:00:00
1516.555475473704,2023-01-19 00:00:00
1550.5088875585636,2023-01-20 00:00:00
1661.3349193405402,2023-01-21 00:00:00
1625.9093109886562,2023-01-22 00:00:00
1630.8448549407967,2023-01-23 00:00:00
1632.9617267135266,2023-01-24 00:00:00
1557.0597608721732,2023-01-25 00:00:00
1614.6771850629295,2023-01-26 00:00:00
1602.8469492523193,2023-01-27 00:00:00
1598.4701935450053,2023-01-28 00:00:00
1573.0634394330648,2023-01-29 00:00:00
1646.5159900930198,2023-01-30 00:00:00
1568.64771349631,2023-01-31 00:00:00
1586.5395765836909,2023-02-01 00:00:00
1642.857168158598,2023-02-02 00:00:00
1648.6796840768716,2023-02-03 00:00:00
1665.4278712238624,2023-02-04 00:00:00
1667.2716925637008,2023-02-05 00:00:00
1631.3725233636533,2023-02-06 00:00:00
1617.144163289206,2023-02-07 00:00:00
1672.8226777758136,2023-02-08 00:00:00
1651.4083786023796,2023-02-09 00:00:00
1546.383768658398,2023-02-10 00:00:00
1515.5340268615535,2023-02-11 00:00:00
1541.9688769412712,2023-02-12 00:00:00
1515.3346311806397,2023-02-13 00:00:00
1506.9162010135053,2023-02-14 00:00:00
1556.963484345393,2023-02-15 00:00:00
1674.858207473528,2023-02-16 00:00:00
1646.143501886728,2023-02-17 00:00:00
1697.0848665737892,2023-02-18 00:00:00
1692.518962831222,2023-02-19 00:00:00
1680.3786857000732,2023-02-20 00:00:00
1700.1986814992663,2023-02-21 00:00:00
1656.582369571119,2023-02-22 00:00:00
1643.1733937453491,2023-02-23 00:00:00
1651.850006691427,2023-02-24 00:00:00
1608.1034936538365,2023-02-25 00:00:00
1593.9519737908456,2023-02-26 00:00:00
1640.5827101943062,2023-02-27 00:00:00
1633.9766289833817,2023-02-28 00:00:00
1606.632639454843,2023-03-01 00:00:00
1663.925777294461,2023-03-02 00:00:00
1647.6646669077718,2023-03-03 00:00:00
1570.668210599776,2023-03-04 00:00:00
1568.4956010562191,2023-03-05 00:00:00
1563.2256620056303,2023-03-06 00:00:00
1567.3501465252189,2023-03-07 00:00:00
1563.8131822475007,2023-03-08 00:00:00
1535.2602520971097,2023-03-09 00:00:00
1440.1676618801841,2023-03-10 00:00:00
1429.6031691041849,2023-03-11 00:00:00
1474.40324440156,2023-03-12 00:00:00
1588.1968020530471,2023-03-13 00:00:00
1678.915634393308,2023-03-14 00:00:00
1708.300897366666,2023-03-15 00:00:00
1658.0701085663115,2023-03-16 00:00:00
1679.7924762080895,2023-03-17 00:00:00
1793.2988017342332,2023-03-18 00:00:00
1769.4253269123851,2023-03-19 00:00:00
1801.3674190114587,2023-03-20 00:00:00
1744.4414599600184,2023-03-21 00:00:00
1811.4112436682735,2023-03-22 00:00:00
1747.6400281141143,2023-03-23 00:00:00
1824.9566578949327,2023-03-24 00:00:00
1751.2194078261725,2023-03-25 00:00:00
1753.982636507409,2023-03-26 00:00:00
1776.867690456723,2023-03-27 00:00:00
1719.1709726748606,2023-03-28 00:00:00
1776.0436393298319,2023-03-29 00:00:00
1795.5369478273235,2023-03-30 00:00:00
1792.9085783080432,2023-03-31 00:00:00
1824.0200055528176,2023-04-01 00:00:00
1823.0003798253083,2023-04-02 00:00:00
1797.7369883938552,2023-04-03 00:00:00
1810.466255484756,2023-04-04 00:00:00
1871.333525898643,2023-04-05 00:00:00
1911.3386899517511,2023-04-06 00:00:00
1872.2466823679094,2023-04-07 00:00:00
1866.6575447874154,2023-04-08 00:00:00
1851.0506710706206,2023-04-09 00:00:00
1859.9403872878142,2023-04-10 00:00:00
1909.8820609415914,2023-04-11 00:00:00
1892.938911069582,2023-04-12 00:00:00
1920.2230311931223,2023-04-13 00:00:00
2012.785415162006,2023-04-14 00:00:00
2102.9461882949076,2023-04-15 00:00:00
2093.166331331955,2023-04-16 00:00:00
2118.5987891538853,2023-04-17 00:00:00
2077.5356646371833,2023-04-18 00:00:00
2103.2788135921514,2023-04-19 00:00:00
1936.4259207983632,2023-04-20 00:00:00
1943.4355981925776,2023-04-21 00:00:00
1850.1497384242152,2023-04-22 00:00:00
1877.5413280611456,2023-04-23 00:00:00
1863.6391422142244,2023-04-24 00:00:00
1842.6307920871575,2023-04-25 00:00:00
1870.5652231230274,2023-04-26 00:00:00
1867.5893250124868,2023-04-27 00:00:00
1910.456779102895,2023-04-28 00:00:00
1894.4280839501073,2023-04-29 00:00:00
1905.2738522732104,2023-04-30 00:00:00
1885.3919353369215,2023-05-01 00:00:00
1832.725799406749,2023-05-02 00:00:00
1870.828572787594,2023-05-03 00:00:00
1903.7282107352776,2023-05-04 00:00:00
1877.4011950525364,2023-05-05 00:00:00
1993.6129657474344,2023-05-06 00:00:00
1900.410599025731,2023-05-07 00:00:00
1895.2301480548908,2023-05-08 00:00:00
1849.2886295625283,2023-05-09 00:00:00
1846.0642640231483,2023-05-10 00:00:00
1842.865558834664,2023-05-11 00:00:00
1798.0719455262627,2023-05-12 00:00:00
1808.6949999015692,2023-05-13 00:00:00
1797.1994701376498,2023-05-14 00:00:00
1799.0086586150053,2023-05-15 00:00:00
1820.0447595407188,2023-05-16 00:00:00
1823.6630183475188,2023-05-17 00:00:00
1821.050634709663,2023-05-18 00:00:00
1802.3909554834493,2023-05-19 00:00:00
1812.1317035605853,2023-05-20 00:00:00
1818.9695295035847,2023-05-21 00:00:00
1804.9290671072804,2023-05-22 00:00:00
1818.4014644980855,2023-05-23 00:00:00
1854.1931182731782,2023-05-24 00:00:00
1800.736010305837,2023-05-25 00:00:00
1805.8057604056937,2023-05-26 00:00:00
1828.9565366197276,2023-05-27 00:00:00
1830.3066513168976,2023-05-28 00:00:00
1913.8162493165785,2023-05-29 00:00:00
1893.7142740897043,2023-05-30 00:00:00
1901.078310164527,2023-05-31 00:00:00
1874.694885027078,2023-06-01 00:00:00
1861.7253869476187,2023-06-02 00:00:00
1907.2123218510073,2023-06-03 00:00:00
1892.0781764647577,2023-06-04 00:00:00
1893.178280382087,2023-06-05 00:00:00
1813.6816549003997,2023-06-06 00:00:00
1883.2425846255821,2023-06-07 00:00:00
1832.3204025034538,2023-06-08 00:00:00
1846.0300017820573,2023-06-09 00:00:00
1839.2080126581927,2023-06-10 00:00:00
1754.6732284106363,2023-06-11 00:00:00
1751.7245965042496,2023-06-12 00:00:00
1742.5960525666158,2023-06-13 00:00:00
1736.7894371674618,2023-06-14 00:00:00
1650.6766675535464,2023-06-15 00:00:00
1664.9774623940225,2023-06-16 00:00:00
1716.3772810928574,2023-06-17 00:00:00
1726.3728097349979,2023-06-18 00:00:00
1719.2731615068672,2023-06-19 00:00:00
1734.7931034426633,2023-06-20 00:00:00
1790.1904407317654,2023-06-21 00:00:00
1892.899571916819,2023-06-22 00:00:00
1874.1779470167141,2023-06-23 00:00:00
1891.3450080216778,2023-06-24 00:00:00
1875.0599619284883,2023-06-25 00:00:00
1899.1473121046054,2023-06-26 00:00:00
1859.8024196427973,2023-06-27 00:00:00
1890.0129037837075,2023-06-28 00:00:00
1828.4583364007253,2023-06-29 00:00:00
1853.4452458749938,2023-06-30 00:00:00
1934.0457142617754,2023-07-01 00:00:00
1924.5672408676514,2023-07-02 00:00:00
1933.9598813832074,2023-07-03 00:00:00
1953.7811276489165,2023-07-04 00:00:00
1937.0004255391354,2023-07-05 00:00:00
1910.5052605097412,2023-07-06 00:00:00
1855.4747836363103,2023-07-07 00:00:00
1869.317187141899,2023-07-08 00:00:00
1864.8685919146383,2023-07-09 00:00:00
1866.9167424803986,2023-07-10 00:00:00
1875.2742726720535,2023-07-11 00:00:00
1875.8658719294942,2023-07-12 00:00:00
1873.5068153773982,2023-07-13 00:00:00
2003.253616074307,2023-07-14 00:00:00
1935.9402407442033,2023-07-15 00:00:00
1931.389384157173,2023-07-16 00:00:00
1923.0359898160434,2023-07-17 00:00:00
1912.1228355695634,2023-07-18 00:00:00
1897.199112644643,2023-07-19 00:00:00
1889.2238055517662,2023-07-20 00:00:00
1891.0145054589366,2023-07-21 00:00:00
1891.4724028266849,2023-07-22 00:00:00
1858.3111958083061,2023-07-23 00:00:00
1887.8269808569783,2023-07-24 00:00:00
1850.431150587501,2023-07-25 00:00:00
1857.5965927470297,2023-07-26 00:00:00
1871.5331057115002,2023-07-27 00:00:00
1858.77702138144,2023-07-28 00:00:00
1874.6939950760675,2023-07-29 00:00:00
1880.9180765299413,2023-07-30 00:00:00
1861.8699097932104,2023-07-31 00:00:00
1857.2761957628516,2023-08-01 00:00:00
1869.7451086679923,2023-08-02 00:00:00
1838.0119518760303,2023-08-03 00:00:00
1835.7013026752861,2023-08-04 00:00:00
1828.4611937761101,2023-08-05 00:00:00
1835.0705778421902,2023-08-06 00:00:00
1826.7067792702178,2023-08-07 00:00:00
1826.9334855730522,2023-08-08 00:00:00
1856.8441445120409,2023-08-09 00:00:00
1855.8907273266504,2023-08-10 00:00:00
1850.8769886993493,2023-08-11 00:00:00
1847.5418351143242,2023-08-12 00:00:00
1848.505238656101,2023-08-13 00:00:00
1839.5128095422053,2023-08-14 00:00:00
1843.5133910053466,2023-08-15 00:00:00
1826.9131281594616,2023-08-16 00:00:00
1809.4604742643007,2023-08-17 00:00:00
1675.8621709457839,2023-08-18 00:00:00
1660.6791095302815,2023-08-19 00:00:00
1669.233454808334,2023-08-20 00:00:00
1682.461825140931,2023-08-21 00:00:00
1666.8404654985097,2023-08-22 00:00:00
1635.191294137295,2023-08-23 00:00:00
1679.123993491918,2023-08-24 00:00:00
1658.3996538851384,2023-08-25 00:00:00
1653.4293196573105,2023-08-26 00:00:00
1645.9049996794286,2023-08-27 00:00:00
1656.9310584772875,2023-08-28 00:00:00
1653.198566161456,2023-08-29 00:00:00
1730.1902578762465,2023-08-30 00:00:00
1705.1081032258105,2023-08-31 00:00:00
1645.1815254166893,2023-09-01 00:00:00
1630.6058904999302,2023-09-02 00:00:00
1636.1621989563407,2023-09-03 00:00:00
1635.4030431134638,2023-09-04 00:00:00
1639.0213187172278,2023-09-04 08:20:51
